sale_id,store_id,product_id,sale_date,quantity,total_amount
sale_1,19.0,46,2022-08-19,96,3024.78
sale_2,9.0,43,2021-03-15,100,4549.74
sale_3,3.0,20,2020-05-25,88,1477.8
sale_4,2.0,26,2022-06-25,30,231.85
sale_5,1.0,15,2021-06-15,83,2568.68
sale_6,14.0,3,2022-08-20,83,522.16
sale_7,8.0,14,2021-06-12,31,1301.42
sale_8,18.0,4,2021-12-01,95,680.5
sale_9,,37,2022-01-18,78,1698.47
sale_10,15.0,45,2022-02-07,34,385.49
sale_11,10.0,11,2021-01-06,100,4283.9
sale_12,1.0,35,,56,2017.73
,2.0,16,2022-01-29,70,3230.59
sale_14,4.0,48,2020-09-22,-1,0.0
sale_15,4.0,29,2020-11-28,52,809.9
sale_16,20.0,2,2022-03-02,73,3144.19
sale_17,6.0,1,2022-02-28,25,1047.87
sale_18,6.0,40,2021-03-14,41,1366.36
sale_19,20.0,49,2022-11-10,71,356.18
,5.0,12,2021-01-28,61,1075.45
,1.0,15,2020-10-27,28,1309.62
sale_22,16.0,14,2021-02-12,84,1848.9
sale_23,2.0,48,,84,1076.87
sale_24,11.0,7,2020-01-11,30,235.12
sale_25,4.0,13,2021-05-25,50,934.13
sale_26,14.0,1,,9,148.27
sale_27,4.0,26,2020-10-05,-4,0.0
sale_28,10.0,46,2022-12-25,87,2764.12
sale_29,6.0,30,2022-08-31,3,24.17
sale_30,18.0,11,2021-11-07,14,388.12
sale_31,3.0,19,2022-04-17,22,487.93
sale_32,14.0,1,2022-03-20,11,540.68
sale_33,13.0,50,2022-05-02,67,1882.4
sale_34,12.0,36,2021-10-24,29,560.8
sale_35,,34,2022-03-11,98,2600.47
sale_36,4.0,17,,73,2985.87
sale_37,12.0,28,2022-01-28,26,182.64
sale_38,9.0,42,,56,1668.19
,10.0,29,2020-07-17,81,2815.01
sale_40,2.0,11,,94,4293.04
sale_41,12.0,28,2022-05-13,23,278.7
sale_42,5.0,16,2021-02-03,74,1877.34
sale_43,4.0,17,2021-01-16,29,445.6
sale_44,6.0,44,2021-01-02,90,2686.04
sale_45,14.0,50,2022-11-22,17,702.14
sale_46,11.0,4,2020-04-06,56,2548.0
,14.0,35,2020-01-08,32,426.02
sale_48,2.0,4,,16,88.11
sale_49,3.0,10,2022-07-27,31,158.83
sale_50,19.0,29,2020-05-15,74,2529.28
sale_51,15.0,18,2022-07-17,35,1264.59
sale_52,17.0,21,2021-01-04,49,1244.01
sale_53,8.0,3,2020-07-08,51,775.19
sale_54,1.0,16,2022-02-28,99,3016.89
,5.0,37,2020-02-06,17,444.83
sale_56,1.0,15,,-2,0.0
sale_57,19.0,2,,15,78.65
sale_58,14.0,43,2022-03-01,99,568.25
sale_59,19.0,32,2020-12-08,12,212.68
sale_60,8.0,32,2021-12-19,63,1816.5
sale_61,18.0,46,2020-06-29,37,1695.67
,12.0,16,2022-12-26,8,393.21
sale_63,11.0,30,2020-04-23,14,350.41
,20.0,47,2022-03-06,13,387.63
sale_65,7.0,32,2021-05-01,93,2897.37
,9.0,3,,65,3002.72
sale_67,9.0,23,2022-10-20,69,1414.88
sale_68,18.0,19,2021-11-27,50,2388.6
sale_69,16.0,44,2022-04-16,20,316.42
sale_70,14.0,29,2020-01-28,69,3318.4
sale_71,6.0,17,2020-11-14,88,717.57
sale_72,4.0,23,2022-04-04,99,4419.16
sale_73,13.0,41,2020-06-09,81,934.74
sale_74,11.0,43,2021-07-01,78,3199.99
sale_75,15.0,30,2020-09-02,86,1046.41
sale_76,3.0,32,2022-07-24,84,4146.98
sale_77,5.0,49,2022-05-04,39,378.85
sale_78,3.0,8,2022-05-06,19,900.05
,,46,2022-05-08,38,595.62
sale_80,2.0,16,,22,907.58
sale_81,1.0,14,,-1,-50.0
sale_82,7.0,24,2021-05-29,98,979.46
sale_83,10.0,26,2020-12-26,7,261.82
,19.0,28,2020-07-20,50,1538.34
sale_85,15.0,9,2022-05-12,72,1023.95
sale_86,10.0,42,2022-05-16,80,2937.42
sale_87,6.0,18,,53,1729.68
,13.0,12,2022-01-03,12,87.71
sale_89,17.0,39,2020-10-25,85,1401.92
sale_90,4.0,23,,69,1286.36
sale_91,11.0,29,2021-12-11,22,824.64
sale_92,10.0,16,2020-09-02,38,824.83
sale_93,3.0,40,2022-02-17,82,479.18
sale_94,8.0,15,2021-12-12,70,2968.88
sale_95,,2,2022-05-02,28,672.06
sale_96,16.0,39,2020-05-18,9,101.16
,6.0,2,2020-02-01,38,916.41
sale_98,16.0,48,2021-10-01,72,1799.27
sale_99,5.0,25,2021-03-08,27,540.58
sale_100,20.0,5,,73,971.58
sale_101,19.0,46,,86,2849.33
sale_102,6.0,13,,94,3376.34
sale_103,3.0,46,2022-12-16,39,810.84
sale_104,8.0,17,2021-10-09,1,11.71
sale_105,1.0,34,2022-07-04,42,211.15
,2.0,11,2020-12-05,44,1887.57
sale_107,11.0,44,2020-02-29,66,1564.01
sale_108,15.0,12,2021-02-27,32,1062.67
sale_109,19.0,5,2021-11-18,4,113.49
sale_110,11.0,28,2020-05-31,24,1132.95
sale_111,2.0,10,2022-10-28,-1,-50.0
sale_112,17.0,15,2021-07-25,72,3130.03
sale_113,11.0,43,2022-01-10,86,2944.92
sale_114,15.0,42,,82,2520.38
sale_115,19.0,36,2022-08-30,29,548.7
,1.0,22,2020-11-21,11,227.95
sale_117,6.0,22,2021-09-26,60,887.88
sale_118,12.0,15,2022-03-11,61,1541.23
sale_119,12.0,27,2020-05-02,44,597.59
,,21,2020-11-18,65,3113.21
sale_121,7.0,22,2020-01-12,80,1483.16
,19.0,13,2020-10-01,55,1866.94
sale_123,15.0,15,,87,2099.96
sale_124,13.0,18,,96,2793.39
sale_125,5.0,30,2021-05-02,80,1133.2
sale_126,8.0,13,2020-04-22,50,754.68
sale_127,20.0,32,2022-04-05,88,3106.61
sale_128,15.0,27,2022-09-12,86,3777.41
sale_129,18.0,32,,85,3559.48
sale_130,3.0,31,2021-11-21,7,258.82
sale_131,19.0,39,2022-01-21,33,884.59
sale_132,5.0,5,2021-03-15,42,942.69
sale_133,1.0,47,2021-09-15,8,356.06
sale_134,17.0,50,2022-06-28,89,975.52
sale_135,7.0,50,2020-11-25,13,559.52
sale_136,9.0,33,2021-11-05,4,136.43
sale_137,19.0,13,2022-06-28,62,652.26
sale_138,2.0,9,2022-12-02,38,1020.06
sale_139,20.0,46,2022-08-16,41,375.12
sale_140,19.0,18,2021-07-18,69,1451.79
sale_141,15.0,40,2021-05-05,46,1469.64
sale_142,13.0,31,2022-05-04,44,2088.62
sale_143,15.0,21,2022-04-09,81,3815.43
sale_144,4.0,48,2021-12-31,2,67.27
sale_145,4.0,35,2021-07-31,13,338.8
sale_146,11.0,50,2020-12-05,69,3289.67
sale_147,4.0,1,2020-08-08,87,3535.3
sale_148,1.0,32,2022-06-12,7,209.15
sale_149,17.0,20,2020-06-12,28,258.63
sale_150,5.0,26,2020-12-04,55,947.9
sale_151,18.0,1,2022-02-07,65,2285.96
,13.0,3,2020-04-10,22,700.95
sale_153,20.0,3,2021-07-09,66,1880.37
sale_154,14.0,29,2021-04-12,100,3980.23
sale_155,10.0,29,2020-08-22,10,388.21
sale_156,20.0,10,2022-04-02,44,1056.39
sale_157,10.0,40,2021-10-24,43,809.72
sale_158,8.0,5,2021-03-16,86,1303.09
sale_159,3.0,2,2022-04-26,40,725.97
sale_160,8.0,32,2020-09-29,1,6.91
sale_161,,17,2021-06-30,75,2027.55
sale_162,2.0,15,2022-06-27,83,1922.84
sale_163,2.0,48,2022-04-28,47,950.63
sale_164,11.0,35,2020-03-16,7,73.81
sale_165,6.0,36,2022-08-28,0,-50.0
sale_166,20.0,43,,97,1944.59
,18.0,8,2022-06-12,98,920.73
,15.0,40,2022-07-29,-1,0.0
sale_169,5.0,50,2022-06-23,42,644.25
sale_170,17.0,31,2021-05-04,1,16.37
sale_171,1.0,22,2022-11-16,49,1054.56
sale_172,16.0,18,2020-08-26,42,506.49
sale_173,1.0,4,2020-03-20,-4,-50.0
,10.0,32,2021-03-21,70,784.14
,20.0,9,2020-12-06,63,3073.56
sale_176,9.0,26,2021-06-25,97,2639.92
sale_177,10.0,42,2020-07-01,79,1947.04
sale_178,2.0,43,2020-05-26,82,2824.61
sale_179,18.0,18,2022-02-14,32,1343.29
sale_180,19.0,35,,6,89.9
sale_181,,14,2021-12-01,64,1661.76
sale_182,19.0,48,2021-08-08,82,3109.07
sale_183,8.0,19,2020-03-30,35,666.18
sale_184,20.0,28,2022-07-08,80,2076.0
sale_185,16.0,12,2022-12-13,81,1112.23
sale_186,12.0,24,2021-06-02,35,914.94
sale_187,17.0,12,2022-08-18,46,1415.14
,7.0,1,2020-03-14,26,496.79
sale_189,2.0,41,2022-10-05,96,1008.13
sale_190,5.0,8,2020-12-25,21,607.59
sale_191,2.0,45,2022-04-27,21,113.28
sale_192,6.0,14,2022-12-17,60,2760.42
sale_193,14.0,28,2020-06-16,54,1336.64
sale_194,12.0,29,2021-09-22,92,3485.18
sale_195,,6,2020-07-22,38,624.57
sale_196,6.0,36,2021-12-31,28,660.54
sale_197,4.0,14,2020-01-15,26,733.03
,3.0,42,2022-02-23,-1,0.0
sale_199,13.0,21,2020-08-29,25,899.81
sale_200,10.0,9,,0,-50.0
sale_201,7.0,13,2020-11-10,40,1444.66
sale_202,15.0,22,2020-03-15,74,868.76
sale_203,7.0,10,2021-09-05,-5,-50.0
sale_204,8.0,26,2022-10-11,12,163.24
,4.0,6,2020-07-07,26,671.71
sale_206,15.0,37,2021-02-27,48,992.4
sale_207,19.0,5,2022-03-08,93,712.75
sale_208,7.0,3,2020-08-03,11,95.59
sale_209,9.0,48,2021-04-21,94,3392.35
sale_210,13.0,30,2021-04-12,66,2534.33
sale_211,14.0,28,2022-02-09,22,428.19
sale_212,20.0,12,2022-05-21,74,3341.64
sale_213,3.0,37,2020-02-17,5,126.56
sale_214,8.0,38,2021-12-24,39,988.68
sale_215,15.0,8,,43,1160.39
sale_216,17.0,22,2020-10-31,99,3263.65
sale_217,16.0,32,2022-07-01,8,261.92
sale_218,10.0,32,2021-05-02,6,97.11
sale_219,6.0,3,2021-08-09,92,1596.01
,3.0,4,2022-02-16,93,1358.06
,4.0,22,2021-10-08,84,3030.59
sale_222,,20,2021-02-01,39,880.08
sale_223,19.0,19,2021-10-18,43,396.16
sale_224,14.0,22,2022-07-13,77,1283.2
sale_225,4.0,13,,8,195.71
sale_226,14.0,24,2022-10-25,42,1376.01
sale_227,11.0,20,2022-04-16,100,4043.76
sale_228,11.0,37,2021-11-27,37,394.83
,4.0,6,2022-05-21,25,206.32
sale_230,16.0,36,2022-08-10,81,1453.33
sale_231,5.0,43,2020-05-18,48,1577.68
sale_232,17.0,9,,54,1880.94
sale_233,17.0,16,2020-06-23,52,1591.3
sale_234,12.0,12,2022-10-30,68,2553.01
sale_235,13.0,10,2021-12-25,72,2744.13
sale_236,6.0,12,2022-06-15,12,359.41
sale_237,14.0,39,2022-09-20,37,1094.0
sale_238,1.0,35,2022-08-04,65,942.4
sale_239,10.0,47,2020-12-31,-5,-50.0
sale_240,10.0,10,2022-07-30,-2,0.0
sale_241,8.0,39,2020-04-26,85,1569.74
sale_242,9.0,15,2021-01-30,11,203.53
sale_243,2.0,27,,90,3532.41
sale_244,7.0,2,2021-05-10,71,1654.81
,8.0,21,2021-10-12,66,1552.16
sale_246,8.0,9,2021-08-08,25,1051.71
sale_247,9.0,43,2020-07-31,29,1384.83
sale_248,20.0,22,2021-03-12,92,569.56
sale_249,18.0,49,2020-08-16,29,382.13
sale_250,17.0,33,2020-11-15,77,2731.69
sale_251,10.0,32,2020-12-14,20,992.05
sale_252,12.0,2,2022-03-01,29,525.37
sale_253,17.0,11,2022-08-13,67,537.94
sale_254,19.0,17,2020-09-23,41,1184.46
sale_255,4.0,13,2022-08-14,4,88.83
,4.0,2,2021-09-08,17,382.05
sale_257,16.0,36,2020-12-03,52,2280.28
sale_258,3.0,21,2021-09-29,92,4042.91
sale_259,16.0,47,2021-10-12,20,379.85
sale_260,6.0,4,2022-02-13,54,1481.9
sale_261,5.0,23,2020-04-05,0,-50.0
sale_262,4.0,49,2020-05-06,9,370.06
sale_263,9.0,39,2021-01-18,24,603.01
sale_264,13.0,36,2021-03-11,90,1578.42
sale_265,19.0,3,2021-02-23,35,1631.11
sale_266,7.0,37,2022-11-02,82,3750.59
sale_267,14.0,30,2022-04-04,12,226.23
sale_268,8.0,32,2021-08-17,85,3626.36
sale_269,3.0,30,2022-02-04,30,432.15
sale_270,5.0,39,,93,1614.59
sale_271,1.0,26,2022-12-17,15,603.96
sale_272,19.0,6,2022-01-14,91,1612.76
sale_273,18.0,49,2021-02-10,33,654.92
sale_274,12.0,25,2020-06-27,76,1085.99
sale_275,3.0,24,2021-09-23,94,2002.58
sale_276,16.0,23,2022-09-17,38,679.77
sale_277,,32,2022-12-01,79,1259.61
sale_278,11.0,26,2022-08-18,10,119.64
sale_279,6.0,27,,0,-50.0
sale_280,12.0,21,2022-12-06,15,617.62
sale_281,18.0,24,2022-02-16,-1,0.0
sale_282,4.0,45,2022-02-27,72,1380.06
,11.0,38,2021-10-28,55,1511.67
,18.0,3,2020-04-10,24,455.25
sale_285,7.0,30,2022-07-24,83,516.55
sale_286,19.0,34,2021-12-15,87,2876.01
,13.0,14,2022-02-20,93,480.11
sale_288,10.0,40,,11,470.03
sale_289,4.0,50,2020-09-05,63,2908.22
sale_290,10.0,40,2020-08-13,59,374.98
sale_291,8.0,22,2021-03-20,37,570.89
sale_292,7.0,38,2020-11-24,84,2214.35
sale_293,17.0,36,2021-03-23,53,439.21
,12.0,3,2020-07-15,19,695.72
,18.0,28,2020-03-07,60,579.0
sale_296,18.0,47,,56,1310.09
sale_297,2.0,35,2022-06-04,72,3532.33
sale_298,10.0,5,2022-09-10,52,1850.96
sale_299,8.0,2,2022-10-16,17,305.73
sale_300,10.0,47,2021-07-25,89,2979.14
sale_301,16.0,15,2022-12-17,47,399.21
sale_302,9.0,49,2022-06-19,91,3503.75
sale_303,11.0,18,2020-03-10,42,1505.31
sale_304,8.0,30,2020-01-09,21,149.1
sale_305,1.0,40,2022-12-01,77,2943.48
,3.0,39,2020-09-26,88,4304.34
sale_307,15.0,10,2020-05-08,49,1119.16
sale_308,17.0,17,2022-11-16,52,1019.29
sale_309,20.0,37,2022-08-04,64,1816.34
sale_310,11.0,39,2022-06-24,-5,0.0
sale_311,15.0,32,2022-12-22,91,670.71
sale_312,17.0,12,2020-05-25,94,2078.51
sale_313,1.0,34,2021-06-01,19,474.84
sale_314,17.0,7,2021-11-23,75,2991.15
,4.0,28,2022-11-22,67,1314.01
sale_316,10.0,48,2021-11-10,-3,-50.0
sale_317,18.0,43,2022-12-14,42,460.38
sale_318,7.0,34,2020-06-11,66,2171.69
sale_319,8.0,15,2021-01-28,93,3449.09
sale_320,9.0,14,2020-09-16,-5,-50.0
sale_321,13.0,19,2021-08-17,46,1131.55
sale_322,13.0,18,2022-11-19,71,2005.58
sale_323,8.0,42,2020-01-14,-2,-50.0
sale_324,11.0,8,2022-12-17,43,363.24
sale_325,8.0,13,2021-02-13,98,1545.06
sale_326,15.0,19,2021-06-28,25,192.73
sale_327,15.0,6,2022-04-16,-4,-50.0
sale_328,,7,2021-12-16,35,605.56
sale_329,9.0,8,2021-03-08,10,223.06
sale_330,14.0,29,2021-09-11,34,1671.22
sale_331,7.0,23,2021-09-03,80,1417.93
sale_332,16.0,34,2021-03-02,53,733.94
,17.0,48,2020-02-13,74,766.72
sale_334,12.0,3,2020-06-22,54,1939.86
sale_335,3.0,13,2022-04-03,16,252.24
sale_336,13.0,22,2021-11-11,24,919.62
sale_337,12.0,35,,13,231.69
sale_338,8.0,19,2021-12-15,11,196.34
sale_339,15.0,16,2021-10-05,55,1892.32
sale_340,4.0,50,2022-09-11,8,144.18
sale_341,12.0,12,2021-09-29,18,202.03
sale_342,15.0,34,2022-04-18,33,1043.48
sale_343,7.0,7,,79,1212.39
sale_344,19.0,10,2022-08-29,26,276.96
sale_345,10.0,18,2020-10-06,32,775.6
sale_346,18.0,5,,84,4055.05
sale_347,,12,2020-03-19,79,2709.14
sale_348,18.0,49,2022-11-25,94,570.02
sale_349,12.0,20,2020-10-13,15,665.94
sale_350,4.0,4,2021-07-18,89,1784.07
sale_351,13.0,29,2021-01-15,-4,0.0
sale_352,2.0,14,2022-08-09,38,494.44
sale_353,5.0,6,2020-11-10,62,3031.56
sale_354,5.0,14,2020-07-14,76,3532.71
sale_355,14.0,25,2021-09-27,60,1227.3
sale_356,,15,2020-12-18,3,32.43
,16.0,40,2020-12-22,74,2517.78
sale_358,17.0,33,2020-06-05,57,1645.22
sale_359,9.0,49,2021-11-08,72,1384.27
sale_360,3.0,44,2021-04-08,75,1365.57
sale_361,16.0,48,2021-05-22,14,634.2
sale_362,6.0,22,2020-04-21,51,328.08
sale_363,5.0,33,,67,3100.16
sale_364,5.0,5,2021-10-02,63,2923.55
sale_365,,7,2020-08-04,53,1234.22
sale_366,14.0,33,2020-02-20,25,454.06
sale_367,19.0,14,2020-04-20,49,2223.48
sale_368,17.0,44,2020-06-27,43,1392.6
sale_369,11.0,43,2022-03-14,42,1646.44
sale_370,3.0,10,2022-03-13,61,1881.18
sale_371,5.0,22,2020-10-05,78,1961.2
sale_372,14.0,5,2020-10-09,77,1140.07
sale_373,2.0,20,2022-08-15,88,2385.19
sale_374,4.0,20,,58,737.4
sale_375,,10,2022-03-18,58,2552.18
,10.0,26,2021-01-03,19,811.04
sale_377,18.0,26,2020-01-15,0,-50.0
sale_378,7.0,7,2022-11-26,42,979.21
sale_379,13.0,47,2021-11-07,81,3115.87
sale_380,16.0,49,2020-02-12,20,397.55
,5.0,41,2021-09-14,-4,0.0
sale_382,6.0,25,2021-01-04,1,24.52
sale_383,7.0,30,2021-11-12,51,614.36
sale_384,14.0,39,,18,683.92
sale_385,4.0,34,2021-03-30,29,1275.91
sale_386,7.0,15,2022-07-17,31,1273.29
sale_387,20.0,18,2020-03-18,41,1750.85
sale_388,8.0,32,2020-06-21,3,59.45
sale_389,18.0,18,2022-05-30,74,1357.52
sale_390,19.0,48,2021-12-13,-3,-50.0
sale_391,1.0,42,2021-07-07,81,910.38
sale_392,13.0,29,2021-07-02,15,356.78
sale_393,15.0,8,2021-04-05,99,1675.83
sale_394,16.0,18,2021-07-07,50,2236.9
sale_395,9.0,21,2022-07-22,-5,-50.0
sale_396,6.0,50,2022-12-02,51,1555.74
sale_397,4.0,15,,84,3788.07
sale_398,11.0,26,2021-11-19,70,850.79
sale_399,19.0,26,2021-08-11,2,20.69
sale_400,17.0,35,,54,1733.94
sale_401,19.0,34,2023-01-01,35,692.42
sale_402,,35,2022-07-21,12,210.3
sale_403,15.0,21,,75,733.76
sale_404,2.0,34,2022-07-22,27,563.34
sale_405,14.0,15,2020-12-22,52,2363.62
sale_406,14.0,12,2020-11-15,14,586.05
sale_407,1.0,20,2020-08-23,30,1364.55
sale_408,11.0,42,2020-11-08,78,2431.06
sale_409,1.0,27,2021-11-14,97,1606.13
sale_410,18.0,47,2022-02-05,63,716.84
sale_411,13.0,18,2020-07-03,77,1109.65
,13.0,13,2020-11-16,10,485.37
sale_413,6.0,3,2020-11-20,37,1204.0
sale_414,,3,2022-05-08,40,1016.47
,11.0,28,,65,1724.55
sale_416,2.0,48,2021-10-18,62,1787.89
sale_417,18.0,3,2021-03-01,38,809.74
sale_418,2.0,36,,74,2227.9
sale_419,10.0,36,2022-07-22,37,354.76
sale_420,5.0,6,2022-07-16,37,295.1
sale_421,6.0,3,2022-03-14,2,40.93
sale_422,14.0,1,2022-10-29,52,1389.6
sale_423,13.0,2,2022-10-23,45,2213.45
sale_424,15.0,45,2022-03-07,26,339.2
,16.0,7,2022-10-01,24,265.88
sale_426,,17,,67,408.04
,4.0,13,2022-09-25,53,2127.45
sale_428,16.0,38,2021-09-08,10,97.55
sale_429,17.0,16,2021-08-08,26,282.93
sale_430,20.0,35,2020-10-02,94,1998.98
sale_431,,50,2022-04-09,-2,0.0
sale_432,,9,2021-07-09,81,3896.76
sale_433,5.0,2,,85,758.35
sale_434,17.0,50,2020-01-20,40,397.09
sale_435,5.0,44,2022-10-13,86,2515.89
sale_436,7.0,41,2020-12-15,8,226.24
sale_437,10.0,11,2020-10-24,62,2800.48
sale_438,20.0,26,2022-05-19,76,599.85
sale_439,7.0,22,2022-04-27,42,351.62
sale_440,16.0,13,2022-01-11,1,34.85
sale_441,4.0,20,2022-06-05,37,692.77
sale_442,7.0,24,2022-06-07,20,642.2
sale_443,13.0,28,2022-06-16,-1,0.0
sale_444,9.0,14,2020-06-27,61,2622.43
sale_445,8.0,40,2022-12-29,55,2303.76
sale_446,8.0,45,2021-08-27,30,284.33
sale_447,10.0,44,2022-11-16,82,2676.67
sale_448,10.0,46,2022-10-13,16,397.86
sale_449,6.0,8,2021-03-20,82,2409.88
sale_450,15.0,17,2020-01-02,58,1269.83
sale_451,,29,2022-09-13,33,875.31
sale_452,6.0,21,2020-04-26,9,168.75
sale_453,2.0,21,2021-10-21,14,394.12
sale_454,10.0,12,2022-12-31,22,244.89
sale_455,6.0,36,2021-08-04,46,1592.51
sale_456,12.0,30,2020-09-25,18,827.16
sale_457,12.0,37,2022-04-20,85,1031.83
sale_458,20.0,44,2020-07-09,99,1203.89
sale_459,2.0,33,,74,3403.65
sale_460,8.0,39,2020-01-19,80,2336.49
sale_461,2.0,27,2020-01-25,90,2369.0
sale_462,7.0,11,2020-03-16,95,3746.55
sale_463,16.0,9,2022-06-25,69,2095.45
sale_464,2.0,38,2022-07-23,5,86.38
sale_465,14.0,20,2020-11-21,12,255.1
sale_466,2.0,23,2020-07-03,23,1033.45
sale_467,9.0,30,2020-01-19,75,1742.47
sale_468,1.0,38,2020-12-31,87,947.75
sale_469,17.0,28,2021-12-26,86,3659.74
sale_470,10.0,13,2021-11-15,73,611.72
sale_471,19.0,15,2021-03-29,63,2714.82
sale_472,9.0,49,2020-09-26,84,1178.18
sale_473,13.0,42,2020-03-11,73,2986.67
sale_474,8.0,34,2020-01-10,7,264.0
sale_475,2.0,14,2022-12-04,31,211.15
sale_476,10.0,33,2022-01-03,70,3009.92
sale_477,11.0,15,2022-08-15,79,588.22
sale_478,11.0,37,2020-06-20,78,2413.11
sale_479,13.0,12,2020-01-04,59,1486.13
sale_480,8.0,19,2022-06-04,95,3912.86
sale_481,11.0,11,2022-09-20,93,3354.77
sale_482,,44,2020-03-31,13,235.29
sale_483,1.0,20,2022-02-21,-5,-50.0
sale_484,7.0,36,2022-06-18,57,630.06
sale_485,7.0,43,2022-01-16,42,481.26
sale_486,17.0,46,2020-06-17,38,1741.13
sale_487,8.0,49,2022-01-22,57,2401.3
sale_488,8.0,18,2022-09-23,32,1574.61
sale_489,11.0,11,2022-10-19,54,1114.63
sale_490,16.0,34,2021-10-22,89,717.8
sale_491,3.0,42,2020-12-27,85,2878.76
sale_492,8.0,37,2021-10-12,48,1812.64
,13.0,13,2020-07-28,53,1055.95
sale_494,6.0,4,2020-11-21,23,552.44
,15.0,48,2022-05-31,30,637.13
sale_496,,29,2021-06-15,9,222.53
,15.0,31,2021-01-22,82,3376.38
sale_498,3.0,19,2020-11-04,89,2615.36
sale_499,7.0,15,,10,431.75
sale_500,11.0,46,2021-03-31,42,1203.46
sale_501,12.0,31,2022-04-13,90,1994.59
sale_502,12.0,20,2020-09-20,49,1337.6
,1.0,2,2021-02-19,64,1795.42
,4.0,12,2020-12-08,94,3536.29
sale_505,13.0,38,2022-10-09,27,219.75
,19.0,4,2021-08-26,2,20.58
sale_507,9.0,35,2022-11-20,36,502.5
sale_508,13.0,23,2022-02-13,100,2999.36
sale_509,,34,2021-01-01,97,3776.79
sale_510,13.0,12,2020-10-19,34,1565.84
sale_511,8.0,45,2020-10-11,82,1565.0
sale_512,13.0,25,2020-09-05,-2,0.0
,9.0,11,2020-08-06,90,3311.21
sale_514,13.0,38,2022-08-21,27,1210.16
,20.0,19,2021-06-19,71,1573.07
sale_516,3.0,50,2021-09-29,29,1019.57
sale_517,17.0,45,2020-11-06,73,3571.26
sale_518,3.0,49,,94,2182.62
sale_519,8.0,11,2021-10-31,100,3539.1
sale_520,19.0,35,2020-02-27,76,3015.7
sale_521,19.0,3,2022-01-23,29,312.54
sale_522,2.0,26,2021-07-03,77,3594.94
sale_523,16.0,48,2022-07-27,79,2639.21
sale_524,2.0,7,2021-12-07,-2,0.0
sale_525,19.0,27,2022-06-27,7,199.9
sale_526,3.0,34,2022-10-09,59,598.0
sale_527,12.0,35,2021-03-16,11,494.07
,1.0,37,2020-08-15,44,1584.07
sale_529,10.0,5,2022-06-23,76,2151.54
sale_530,9.0,30,2020-08-25,27,1026.7
sale_531,19.0,19,2020-07-03,36,356.3
sale_532,9.0,46,2021-12-17,99,3858.85
sale_533,,29,2020-06-28,33,383.42
sale_534,,3,,1,22.3
sale_535,3.0,12,2021-07-13,96,1161.34
sale_536,10.0,23,2022-10-27,73,529.88
sale_537,17.0,50,2020-04-11,60,1004.58
sale_538,5.0,15,2020-12-01,62,735.33
sale_539,9.0,26,2021-12-31,3,74.21
,3.0,13,,5,152.8
sale_541,18.0,26,2021-01-24,54,1023.89
sale_542,8.0,45,2021-07-23,92,1334.27
sale_543,20.0,9,2020-01-02,72,381.18
sale_544,10.0,35,2020-04-28,22,598.72
sale_545,,7,2021-08-11,100,801.99
sale_546,7.0,18,2021-11-11,72,2532.6
sale_547,10.0,14,2022-05-08,100,1195.61
sale_548,4.0,7,2020-04-07,17,568.65
,4.0,50,2020-08-11,6,242.55
sale_550,13.0,33,2022-03-12,-3,-50.0
sale_551,3.0,32,2022-09-13,17,770.17
sale_552,10.0,7,2020-10-30,83,3859.36
sale_553,1.0,28,2020-10-06,89,4053.75
sale_554,15.0,33,2020-12-21,83,3035.95
sale_555,11.0,18,,30,1175.38
sale_556,8.0,39,2021-09-03,25,731.5
sale_557,11.0,46,2020-10-16,53,1928.85
sale_558,19.0,1,2022-07-04,85,1966.23
sale_559,11.0,1,2021-09-20,34,420.2
sale_560,15.0,4,2021-09-26,25,1177.75
sale_561,12.0,28,2022-01-18,76,2941.28
sale_562,19.0,4,2022-04-05,33,731.44
sale_563,20.0,32,2022-04-14,85,2953.55
sale_564,8.0,50,2020-11-05,97,4548.0
sale_565,18.0,35,2022-09-17,61,2260.71
sale_566,15.0,19,2020-10-29,75,2213.05
sale_567,18.0,29,2021-05-16,9,161.9
sale_568,2.0,5,2022-11-29,79,2392.74
sale_569,14.0,13,2020-02-17,88,1268.58
sale_570,12.0,48,,61,1941.69
sale_571,3.0,15,,31,1447.69
sale_572,7.0,32,2021-03-07,55,630.44
sale_573,17.0,44,2020-09-12,59,368.61
,14.0,39,2022-12-27,-3,0.0
sale_575,13.0,6,2021-08-28,63,534.69
sale_576,20.0,33,2021-02-07,2,89.61
sale_577,17.0,5,2020-06-22,86,890.78
sale_578,6.0,14,2022-07-09,70,1167.64
,5.0,12,2020-11-24,18,254.95
sale_580,8.0,15,2020-08-20,45,1312.21
sale_581,5.0,8,2020-01-25,77,2400.9
sale_582,7.0,8,2021-04-05,48,955.61
sale_583,7.0,36,,10,221.38
sale_584,16.0,18,2022-01-15,85,4057.16
sale_585,3.0,26,2021-06-16,3,126.7
,20.0,23,2022-05-24,38,778.86
sale_587,15.0,37,2020-06-10,10,84.54
sale_588,4.0,45,2022-01-08,31,627.31
sale_589,18.0,30,2022-04-26,100,1088.99
,2.0,6,,51,1637.74
sale_591,14.0,40,2022-08-29,11,265.51
sale_592,11.0,21,2022-05-29,42,2007.06
sale_593,13.0,49,,67,2820.51
sale_594,3.0,17,2020-07-06,13,66.54
sale_595,2.0,11,2022-10-08,6,148.12
sale_596,15.0,30,2020-10-12,70,3062.08
sale_597,20.0,42,2020-01-01,41,1695.03
sale_598,6.0,24,,77,3736.56
sale_599,3.0,5,2021-09-14,47,501.76
sale_600,2.0,28,2020-09-04,84,3868.54
sale_601,19.0,24,2022-06-26,7,73.39
,,8,2021-12-13,68,2217.22
sale_603,15.0,4,2020-12-12,92,2993.28
sale_604,19.0,46,2020-12-02,-2,-50.0
sale_605,11.0,28,,31,816.34
sale_606,19.0,49,2020-09-03,75,2955.69
sale_607,19.0,25,2022-10-20,24,979.69
sale_608,4.0,46,2021-12-29,36,1324.37
sale_609,7.0,22,2022-06-07,70,3302.25
sale_610,1.0,41,2020-03-27,62,1167.38
,17.0,18,2021-02-26,8,48.96
sale_612,6.0,31,2022-02-11,7,341.49
sale_613,9.0,4,2021-11-01,93,1032.6
sale_614,18.0,47,2021-02-25,3,28.52
sale_615,2.0,10,2022-03-14,73,1091.27
sale_616,6.0,5,2021-11-24,97,3731.0
sale_617,8.0,40,2022-04-13,66,1500.74
sale_618,14.0,46,2020-12-26,54,2457.56
sale_619,20.0,45,2020-11-28,66,1243.64
,18.0,43,2020-05-29,97,2419.47
sale_621,10.0,3,2020-09-18,86,794.79
sale_622,17.0,9,,81,2226.22
sale_623,9.0,29,2022-12-22,36,273.09
sale_624,,33,2020-06-24,65,380.21
sale_625,14.0,14,2022-01-16,94,1475.62
sale_626,20.0,14,2021-06-05,21,914.44
sale_627,11.0,49,2022-01-09,32,1417.65
sale_628,2.0,23,2020-07-21,-4,0.0
sale_629,15.0,13,2022-08-05,7,282.94
sale_630,19.0,40,2022-09-04,24,531.21
sale_631,4.0,22,2022-02-08,2,92.57
sale_632,10.0,18,2020-05-11,43,409.33
sale_633,,25,2022-08-14,-2,-50.0
sale_634,4.0,10,2022-11-04,29,649.78
sale_635,7.0,49,2022-01-19,21,675.78
sale_636,18.0,27,2021-09-14,91,2714.39
sale_637,1.0,9,2021-07-31,90,3510.25
sale_638,18.0,42,,16,90.87
sale_639,10.0,46,2022-10-13,69,3306.02
sale_640,1.0,45,2021-06-05,21,917.64
sale_641,3.0,22,2020-12-16,25,504.6
sale_642,19.0,1,2021-08-10,67,423.72
sale_643,3.0,41,2022-01-21,4,24.63
sale_644,11.0,26,2021-09-12,45,1310.5
,17.0,6,2020-05-22,77,2857.75
sale_646,15.0,8,2020-08-06,84,3403.21
sale_647,16.0,38,2021-12-15,13,139.58
sale_648,4.0,46,2021-03-16,34,1062.49
sale_649,9.0,35,2021-05-17,53,1963.04
sale_650,4.0,14,2022-04-27,22,562.66
sale_651,10.0,23,2020-06-27,83,2718.59
sale_652,11.0,31,2021-05-06,21,715.75
sale_653,17.0,25,2022-10-21,96,685.19
sale_654,14.0,26,2020-05-23,43,884.4
sale_655,,2,2022-01-28,58,1252.44
sale_656,17.0,6,2020-09-05,-1,-50.0
sale_657,6.0,33,,80,2237.37
sale_658,14.0,29,2020-11-11,9,245.9
sale_659,15.0,17,2020-07-22,48,1658.02
sale_660,18.0,16,2021-02-06,10,351.51
sale_661,9.0,12,2020-11-29,38,1041.13
sale_662,10.0,18,2022-08-29,-4,-50.0
sale_663,13.0,16,2022-12-08,59,613.29
sale_664,13.0,6,2022-06-28,95,3677.12
sale_665,10.0,8,2020-08-09,89,4380.55
sale_666,16.0,7,2021-07-22,18,550.62
sale_667,9.0,25,,56,1144.1
sale_668,1.0,4,2020-06-29,62,1864.1
sale_669,10.0,37,2020-09-16,32,1094.4
sale_670,10.0,46,,-1,-50.0
sale_671,20.0,15,2022-09-30,82,710.78
,4.0,9,2022-07-25,2,21.09
sale_673,9.0,36,2022-03-22,40,528.4
sale_674,5.0,30,2021-10-02,98,4202.83
sale_675,3.0,14,2022-01-11,65,2556.42
sale_676,9.0,50,2021-03-31,97,1663.2
sale_677,5.0,30,2022-11-05,74,555.14
sale_678,,9,,90,1213.03
sale_679,13.0,31,2020-05-22,92,507.37
sale_680,2.0,13,2020-11-26,87,4282.23
sale_681,3.0,30,2022-03-04,94,2311.25
sale_682,14.0,50,2022-08-29,31,1457.5
sale_683,,41,2020-08-04,16,576.21
sale_684,7.0,17,2021-01-27,12,450.62
sale_685,16.0,28,2020-04-16,96,2487.32
sale_686,4.0,26,2021-09-15,99,3578.78
sale_687,15.0,33,2021-03-14,7,339.2
sale_688,20.0,48,2020-05-22,11,150.48
sale_689,11.0,13,2021-01-06,47,1999.74
sale_690,10.0,19,,74,2036.69
sale_691,2.0,30,2022-08-15,34,660.9
sale_692,5.0,5,2022-01-14,71,797.83
sale_693,18.0,5,2020-08-14,45,525.81
sale_694,5.0,43,,63,1319.05
sale_695,16.0,13,2021-12-29,3,135.58
sale_696,1.0,48,2020-09-27,21,439.31
sale_697,14.0,7,2020-08-20,20,671.79
sale_698,11.0,38,2022-09-24,92,2421.08
sale_699,16.0,12,2020-01-12,8,266.78
sale_700,1.0,39,2022-04-27,67,1719.82
sale_701,3.0,41,2022-05-15,-1,-50.0
sale_702,20.0,37,2020-10-28,64,1887.78
sale_703,6.0,43,2021-01-18,5,121.41
sale_704,16.0,11,2021-09-12,95,4498.67
sale_705,18.0,41,2022-12-06,65,1008.24
sale_706,3.0,25,2021-11-29,37,1827.66
,7.0,19,2021-08-19,46,411.99
sale_708,19.0,43,2020-07-04,48,2278.82
sale_709,2.0,31,2020-08-27,87,2100.72
sale_710,11.0,40,2022-06-17,51,1847.76
sale_711,10.0,12,2021-11-11,84,3390.69
sale_712,3.0,40,2021-05-30,83,3741.66
sale_713,14.0,47,2020-05-01,95,1689.52
sale_714,1.0,40,2022-07-01,8,263.96
sale_715,13.0,10,2020-03-23,78,959.18
sale_716,2.0,11,2021-08-10,5,90.35
sale_717,5.0,37,2020-02-05,66,2603.03
sale_718,15.0,47,2021-07-08,56,2257.85
,16.0,33,2022-12-14,-4,-50.0
,7.0,26,,49,1532.78
sale_721,9.0,23,2021-03-01,82,2625.34
sale_722,8.0,47,2022-01-09,56,1884.63
sale_723,8.0,36,2020-08-17,-4,-50.0
sale_724,8.0,9,2020-11-01,44,1396.99
sale_725,10.0,14,2022-04-01,80,2702.46
sale_726,4.0,43,2021-05-09,7,148.02
sale_727,1.0,14,2020-08-29,73,2594.78
sale_728,12.0,42,2021-12-07,71,1721.84
sale_729,19.0,14,2022-07-21,81,2133.3
sale_730,19.0,6,2022-02-28,19,820.12
,,27,2021-06-11,45,1966.97
sale_732,7.0,14,2022-02-01,37,1482.13
sale_733,5.0,39,2021-04-06,53,1118.19
sale_734,1.0,46,2021-05-29,24,1041.99
sale_735,16.0,32,2022-11-18,17,347.79
sale_736,6.0,26,2020-06-20,59,2069.84
sale_737,13.0,25,,25,622.38
sale_738,19.0,44,2021-08-28,-5,0.0
,11.0,44,2022-04-18,-5,0.0
sale_740,12.0,19,2021-01-29,87,721.74
sale_741,2.0,50,,35,1732.39
sale_742,,24,2020-11-09,98,4553.27
sale_743,7.0,48,2021-07-16,11,156.76
sale_744,8.0,42,2022-06-30,23,208.8
sale_745,14.0,43,2022-11-27,32,1355.32
sale_746,17.0,37,2020-07-19,20,577.29
,,18,2020-04-28,29,182.01
sale_748,1.0,8,2020-05-22,20,229.62
,14.0,15,,41,1718.6
sale_750,7.0,29,2021-10-23,61,1732.3
sale_751,12.0,32,2022-09-25,92,2182.94
sale_752,20.0,25,2021-11-30,29,1376.69
sale_753,11.0,10,2022-03-16,7,46.26
sale_754,,27,2022-12-19,62,714.0
sale_755,4.0,49,2021-05-04,12,505.45
sale_756,13.0,16,2021-11-09,52,2188.74
sale_757,16.0,32,2020-06-08,81,2298.97
,12.0,3,,74,2930.47
sale_759,2.0,23,2022-03-27,8,240.98
sale_760,1.0,20,2022-06-05,-4,-50.0
sale_761,7.0,34,2022-11-15,9,419.7
sale_762,2.0,8,,61,2036.53
sale_763,10.0,10,2020-09-02,35,857.52
sale_764,20.0,16,2020-11-12,65,3036.29
sale_765,13.0,12,2021-09-20,75,2004.08
sale_766,5.0,33,2021-08-29,1,32.53
sale_767,17.0,35,,81,1479.03
sale_768,15.0,29,2021-04-09,60,702.19
sale_769,13.0,9,2020-03-21,86,4009.91
sale_770,17.0,45,2020-11-27,77,1114.37
sale_771,5.0,36,2020-11-28,68,2818.64
sale_772,16.0,15,2020-10-10,28,782.48
sale_773,15.0,47,2020-09-27,89,3736.66
sale_774,10.0,35,2020-10-09,73,2966.84
sale_775,8.0,43,2020-02-28,35,1283.29
sale_776,14.0,18,2022-08-05,67,2493.33
sale_777,,21,2020-02-28,16,404.45
sale_778,17.0,30,2022-10-16,11,156.35
sale_779,1.0,28,2021-06-29,-4,-50.0
sale_780,16.0,40,2020-07-23,16,645.11
sale_781,2.0,3,2022-09-19,92,3746.38
sale_782,7.0,34,2021-05-19,51,2133.53
sale_783,18.0,15,2021-03-18,35,1588.67
sale_784,6.0,48,2020-07-01,77,497.16
sale_785,4.0,27,2021-01-21,11,507.07
sale_786,19.0,2,2022-06-10,7,275.03
sale_787,2.0,6,2022-05-15,30,364.82
sale_788,14.0,28,2022-09-28,19,491.61
sale_789,4.0,6,2020-05-02,74,2921.0
sale_790,18.0,23,,38,1540.12
sale_791,13.0,19,2021-03-01,-3,0.0
sale_792,20.0,38,2020-03-16,70,780.83
sale_793,9.0,32,2020-08-17,45,440.06
sale_794,6.0,22,2021-10-14,-4,-50.0
sale_795,5.0,37,2022-02-10,8,346.08
sale_796,4.0,2,2022-12-22,96,3014.13
sale_797,,42,2022-06-29,5,235.32
sale_798,12.0,23,2021-07-05,21,1009.34
sale_799,2.0,37,2022-09-02,18,880.43
sale_800,13.0,50,2022-06-08,8,350.66
sale_801,14.0,35,2021-10-17,62,367.17
sale_802,2.0,40,2020-08-16,3,70.65
,3.0,48,2020-05-18,99,3988.4
sale_804,17.0,49,2022-06-12,65,541.76
,5.0,2,2021-09-13,18,745.33
sale_806,13.0,41,2022-09-11,4,22.53
,3.0,8,2022-08-29,64,1999.49
sale_808,8.0,8,,5,38.7
sale_809,5.0,40,,33,751.76
,5.0,21,2021-04-07,84,2276.16
,19.0,25,2020-03-21,41,1736.39
,12.0,6,,40,872.86
,6.0,16,2020-01-08,95,2603.9
sale_814,5.0,25,2021-02-28,86,3839.65
sale_815,19.0,48,2021-05-28,55,530.76
sale_816,5.0,48,2022-12-23,33,1479.36
sale_817,3.0,13,2022-07-12,40,302.31
sale_818,4.0,15,2021-02-09,64,1924.26
sale_819,12.0,11,2022-10-10,24,1060.9
sale_820,9.0,8,,32,1230.22
sale_821,8.0,28,2022-04-27,79,1058.7
sale_822,12.0,7,2021-05-19,61,944.93
sale_823,17.0,32,2022-09-11,36,1060.63
sale_824,,12,2022-04-06,56,2291.27
sale_825,14.0,1,,72,2146.32
sale_826,11.0,1,2021-07-15,98,3419.01
sale_827,14.0,13,2022-12-20,38,692.27
,4.0,28,2020-09-27,85,3924.27
sale_829,12.0,48,2022-11-16,39,591.78
sale_830,,24,2021-11-25,29,740.18
sale_831,13.0,8,2020-07-02,95,1445.52
sale_832,1.0,6,2021-07-26,98,1915.03
sale_833,,49,2020-07-24,18,231.68
sale_834,2.0,22,2020-01-02,10,226.62
sale_835,3.0,43,2020-03-14,67,423.33
sale_836,19.0,2,,68,1661.51
sale_837,18.0,25,2021-11-30,8,325.87
sale_838,4.0,22,2022-08-12,4,158.47
sale_839,8.0,34,2021-10-10,39,1129.31
sale_840,11.0,36,,91,703.46
sale_841,2.0,4,2020-05-07,-3,0.0
,14.0,20,2021-01-28,34,1343.84
sale_843,20.0,44,2021-10-06,79,3887.26
sale_844,19.0,19,,89,1904.36
sale_845,19.0,24,2020-06-16,97,2289.33
sale_846,11.0,23,2021-01-06,28,1379.24
sale_847,18.0,23,2022-12-15,66,2664.18
sale_848,7.0,38,2020-09-16,75,3338.03
sale_849,6.0,20,2020-03-15,9,306.65
sale_850,7.0,13,2020-03-05,0,-50.0
,6.0,31,2021-11-30,3,29.87
sale_852,19.0,22,2021-06-11,16,122.26
sale_853,17.0,47,2020-12-25,12,415.22
sale_854,20.0,13,2021-12-24,81,1845.44
sale_855,17.0,7,2021-02-21,78,3340.03
sale_856,19.0,41,2022-05-16,90,1211.52
sale_857,11.0,15,2020-06-18,84,3498.95
sale_858,15.0,32,2020-05-20,14,338.91
sale_859,7.0,27,2020-09-10,19,590.61
sale_860,20.0,42,2021-07-12,21,161.29
sale_861,12.0,17,2022-01-16,42,1719.38
sale_862,10.0,35,2020-09-29,67,2174.57
sale_863,17.0,1,2020-08-01,60,1407.5
sale_864,15.0,8,2021-06-22,23,478.41
sale_865,10.0,12,2021-07-01,39,1581.28
sale_866,1.0,8,2022-06-06,8,69.09
sale_867,9.0,15,2022-01-05,57,480.83
sale_868,13.0,22,2021-04-12,67,1946.76
sale_869,14.0,46,2022-06-18,32,300.57
sale_870,9.0,44,2021-07-25,13,645.0
sale_871,16.0,44,2022-01-07,90,2001.19
sale_872,11.0,38,2020-12-05,43,959.07
sale_873,7.0,45,2020-04-21,67,1814.76
sale_874,15.0,26,2020-06-07,99,1534.5
sale_875,16.0,31,2020-11-27,-3,0.0
sale_876,10.0,42,2020-05-01,60,783.48
,12.0,46,2022-02-16,24,579.66
sale_878,17.0,13,2021-08-05,16,222.96
sale_879,3.0,46,,95,3540.05
sale_880,14.0,25,2021-04-01,-2,0.0
sale_881,16.0,41,,56,898.6
,12.0,5,2022-05-01,-3,-50.0
sale_883,9.0,43,2020-02-03,43,342.98
sale_884,13.0,2,2020-02-25,100,4831.9
sale_885,12.0,8,2021-07-18,21,1004.62
sale_886,10.0,13,2020-04-10,-5,-50.0
sale_887,1.0,26,2021-10-09,66,1366.52
sale_888,16.0,24,2021-06-09,44,469.58
sale_889,10.0,5,2021-08-09,28,827.69
,15.0,45,2022-03-27,23,296.11
sale_891,18.0,47,2020-06-17,95,957.81
,7.0,44,2021-04-06,73,3623.69
sale_893,20.0,45,2021-08-10,66,857.08
sale_894,,19,2021-08-21,31,903.06
sale_895,1.0,41,2021-02-11,29,1282.64
,,22,2021-04-10,77,2252.34
sale_897,1.0,15,,-3,-50.0
sale_898,16.0,16,2020-06-28,3,139.42
sale_899,20.0,29,2021-12-14,61,1446.9
sale_900,20.0,25,2022-05-16,42,1403.46
sale_901,10.0,36,2021-11-10,55,907.04
sale_902,7.0,8,2021-10-27,74,1600.59
sale_903,11.0,45,2021-06-08,85,3171.91
,12.0,40,2020-07-24,71,1764.49
sale_905,2.0,48,2022-06-11,45,1332.05
sale_906,13.0,14,2020-04-18,66,2396.55
sale_907,17.0,25,2020-07-24,75,2297.57
,9.0,31,,0,-50.0
sale_909,8.0,3,2022-10-27,89,1274.02
sale_910,10.0,45,,22,167.55
sale_911,2.0,26,2022-04-08,59,1200.56
,16.0,15,2021-03-07,100,820.18
sale_913,6.0,50,2020-02-27,3,46.19
sale_914,17.0,6,2020-10-27,50,1479.22
sale_915,13.0,16,2022-07-09,21,419.32
sale_916,5.0,28,2020-08-19,72,760.16
sale_917,9.0,32,2021-03-19,22,707.44
sale_918,13.0,48,2021-09-02,24,374.43
sale_919,20.0,1,2020-03-20,81,1170.9
sale_920,8.0,48,2021-05-03,90,2551.64
sale_921,8.0,12,2022-11-30,84,2427.05
sale_922,16.0,47,2022-04-24,18,589.83
sale_923,17.0,6,2021-07-03,10,80.06
sale_924,4.0,40,2021-11-28,33,712.22
sale_925,20.0,7,2020-03-05,-3,0.0
sale_926,6.0,31,2021-09-09,10,440.05
sale_927,9.0,11,2020-03-12,45,772.76
sale_928,11.0,24,2021-05-05,70,1472.73
sale_929,5.0,40,2022-05-30,17,736.31
sale_930,19.0,50,2021-02-20,32,251.64
sale_931,20.0,47,2020-02-14,2,68.11
sale_932,9.0,22,2020-01-15,45,2111.37
,14.0,50,2022-10-24,14,592.54
sale_934,14.0,9,2022-05-22,-4,-50.0
sale_935,13.0,14,2021-04-28,60,1691.51
sale_936,9.0,37,2020-11-22,68,1127.59
sale_937,1.0,28,2021-09-20,40,1767.6
sale_938,14.0,18,2021-03-31,79,417.68
sale_939,9.0,20,2022-03-25,39,853.76
sale_940,16.0,14,2022-09-03,-5,0.0
sale_941,8.0,8,2021-12-25,40,1831.19
sale_942,19.0,19,,79,1959.22
,10.0,11,2022-07-31,49,716.59
sale_944,,37,2022-02-23,68,2675.86
sale_945,3.0,19,,21,817.88
sale_946,14.0,10,2020-01-02,55,335.94
sale_947,1.0,33,2021-11-13,13,228.8
sale_948,10.0,39,2021-09-23,12,274.62
sale_949,17.0,2,2021-10-06,44,1249.95
sale_950,6.0,13,2020-12-06,71,3079.03
sale_951,15.0,16,2020-05-30,60,723.44
sale_952,9.0,8,2020-03-07,6,144.31
sale_953,7.0,25,2020-06-14,12,521.26
sale_954,20.0,2,2022-11-15,49,1877.36
sale_955,15.0,39,2022-01-29,59,1222.29
sale_956,20.0,27,2021-10-02,-2,0.0
sale_957,3.0,25,,72,495.23
sale_958,20.0,35,2021-11-16,39,1782.49
sale_959,19.0,35,2020-12-09,39,1526.05
sale_960,17.0,6,2020-02-16,36,1138.45
sale_961,4.0,28,,22,345.25
sale_962,15.0,10,2021-01-29,49,1359.35
sale_963,18.0,47,2020-12-25,45,1898.75
sale_964,9.0,41,2021-11-16,-5,0.0
sale_965,9.0,23,2021-10-02,94,2644.09
sale_966,2.0,27,2022-04-26,4,171.21
,2.0,44,2021-05-27,59,2448.37
sale_968,7.0,38,,51,682.53
sale_969,4.0,42,2022-04-16,0,0.0
sale_970,1.0,35,2020-10-25,6,107.41
sale_971,19.0,30,2020-06-25,18,137.44
sale_972,15.0,25,2021-01-12,48,1434.44
sale_973,6.0,23,2022-01-28,51,2006.64
sale_974,15.0,22,2021-09-20,86,2527.22
sale_975,13.0,37,,81,3992.34
,5.0,2,,97,3855.72
sale_977,13.0,30,2022-01-25,87,2132.99
sale_978,,39,2021-06-09,12,476.01
sale_979,13.0,8,2021-07-19,95,1854.39
sale_980,10.0,11,2022-10-13,46,2115.77
sale_981,11.0,22,2021-08-08,98,1220.06
,14.0,47,2022-04-15,11,453.15
sale_983,10.0,6,2020-09-29,44,1192.22
sale_984,11.0,30,2021-08-05,28,967.46
,10.0,4,2022-08-12,61,1420.55
sale_986,19.0,46,2020-03-21,-3,0.0
sale_987,5.0,46,2020-11-14,43,1791.29
sale_988,5.0,34,2020-07-18,94,1176.46
sale_989,10.0,27,2022-04-29,10,383.72
sale_990,18.0,14,2022-03-18,37,380.73
sale_991,6.0,18,2020-02-08,80,3190.51
sale_992,,39,2021-03-17,59,2723.4
sale_993,17.0,27,2022-02-23,43,606.97
sale_994,6.0,29,2020-07-02,21,406.23
sale_995,20.0,47,2021-01-09,6,60.67
sale_996,6.0,8,2021-06-22,29,1120.04
sale_997,5.0,50,2021-10-30,65,1029.65
sale_998,18.0,36,2021-09-17,50,1167.35
sale_999,18.0,11,2020-03-08,63,810.25
sale_1000,7.0,46,2020-06-23,65,2399.3
